{
    "metrics": {
        "http_reqs": {
            "count": 56697,
            "rate": 1888.3331116024863,
            "thresholds": {
                "rate>100": false
            }
        },
        "data_received": {
            "rate": 969405.9794680437,
            "count": 29106311
        },
        "http_req_blocked": {
            "max": 71.573231,
            "p(90)": 0.0054,
            "p(95)": 0.008501,
            "avg": 0.05921233331569663,
            "min": 0.0009
        },
        "http_req_failed": {
            "passes": 0,
            "fails": 56697,
            "thresholds": {
                "rate<0.01": false
            },
            "value": 0
        },
        "data_sent": {
            "count": 6685774,
            "rate": 222674.3640914158
        },
        "http_req_receiving": {
            "avg": 0.14454947737975804,
            "min": 0.010501,
            "max": 22.758199,
            "p(90)": 0.16835940000000013,
            "p(95)": 0.41655999999999943
        },
        "http_req_connecting": {
            "avg": 0.04678180120641304,
            "min": 0,
            "max": 65.520803,
            "p(90)": 0,
            "p(95)": 0
        },
        "checks": {
            "passes": 56697,
            "fails": 0,
            "value": 1
        },
        "iteration_duration": {
            "p(90)": 39.427014,
            "p(95)": 45.012268999999996,
            "avg": 26.431324530504142,
            "min": 2.8889,
            "max": 142.547582
        },
        "http_req_waiting": {
            "avg": 25.879457046228044,
            "min": 2.753786,
            "max": 142.148447,
            "p(90)": 38.805690000000006,
            "p(95)": 44.26077199999998
        },
        "vus": {
            "value": 50,
            "min": 50,
            "max": 50
        },
        "iterations": {
            "rate": 1888.3331116024863,
            "count": 56697
        },
        "http_req_duration{expected_response:true}": {
            "max": 142.29566,
            "p(90)": 39.0225552,
            "p(95)": 44.523776,
            "avg": 26.061730643984895,
            "min": 2.799791
        },
        "http_req_tls_handshaking": {
            "avg": 0,
            "min": 0,
            "max": 0,
            "p(90)": 0,
            "p(95)": 0
        },
        "http_req_sending": {
            "max": 24.643853,
            "p(90)": 0.033104,
            "p(95)": 0.06052619999999972,
            "avg": 0.037724120376739195,
            "min": 0.003801
        },
        "vus_max": {
            "value": 50,
            "min": 50,
            "max": 50
        },
        "http_req_duration": {
            "p(90)": 39.0225552,
            "p(95)": 44.523776,
            "avg": 26.061730643984895,
            "min": 2.799791,
            "max": 142.29566,
            "thresholds": {
                "avg<500": false,
                "p(90)<1000": false,
                "p(95)<1500": false
            }
        }
    },
    "root_group": {
        "path": "",
        "id": "d41d8cd98f00b204e9800998ecf8427e",
        "groups": {},
        "checks": {
                "Status 200": {
                    "name": "Status 200",
                    "path": "::Status 200",
                    "id": "1855261f2042b60c6026d0e6d773bdb4",
                    "passes": 56697,
                    "fails": 0
                }
            },
        "name": ""
    }
}