{
    "root_group": {
        "path": "",
        "id": "d41d8cd98f00b204e9800998ecf8427e",
        "groups": {},
        "checks": {
                "Status 200": {
                    "id": "1855261f2042b60c6026d0e6d773bdb4",
                    "passes": 59637,
                    "fails": 0,
                    "name": "Status 200",
                    "path": "::Status 200"
                }
            },
        "name": ""
    },
    "metrics": {
        "iterations": {
            "count": 59637,
            "rate": 1985.813626823122
        },
        "http_req_sending": {
            "max": 28.867989,
            "p(90)": 0.031703,
            "p(95)": 0.056426599999999716,
            "avg": 0.03709943845263884,
            "min": -2.157038
        },
        "http_req_receiving": {
            "avg": 0.14181411259788343,
            "min": 0.009901,
            "max": 35.973892,
            "p(90)": 0.165518,
            "p(95)": 0.41212519999999736
        },
        "http_req_duration{expected_response:true}": {
            "avg": 24.805858821469908,
            "min": 2.668196,
            "max": 206.963302,
            "p(90)": 37.2932288,
            "p(95)": 42.479224399999985
        },
        "vus_max": {
            "value": 50,
            "min": 50,
            "max": 50
        },
        "iteration_duration": {
            "avg": 25.135166168502714,
            "min": 2.790709,
            "max": 207.04331,
            "p(90)": 37.6653652,
            "p(95)": 42.8773748
        },
        "vus": {
            "value": 50,
            "min": 50,
            "max": 50
        },
        "checks": {
            "passes": 59637,
            "fails": 0,
            "value": 1
        },
        "http_reqs": {
            "count": 59637,
            "rate": 1985.813626823122,
            "thresholds": {
                "rate>100": false
            }
        },
        "http_req_waiting": {
            "avg": 24.62694527041954,
            "min": 2.585486,
            "max": 206.918697,
            "p(90)": 37.0595306,
            "p(95)": 42.2381434
        },
        "data_sent": {
            "rate": 234165.84290744577,
            "count": 7032356
        },
        "http_req_tls_handshaking": {
            "avg": 0,
            "min": 0,
            "max": 0,
            "p(90)": 0,
            "p(95)": 0
        },
        "http_req_duration": {
            "avg": 24.805858821469908,
            "min": 2.668196,
            "max": 206.963302,
            "p(90)": 37.2932288,
            "p(95)": 42.479224399999985,
            "thresholds": {
                "p(95)<1500": false,
                "avg<500": false,
                "p(90)<1000": false
            }
        },
        "http_req_connecting": {
            "avg": 0.005649203464292301,
            "min": 0,
            "max": 18.557951,
            "p(90)": 0,
            "p(95)": 0
        },
        "http_req_blocked": {
            "max": 40.7115,
            "p(90)": 0.0054,
            "p(95)": 0.008401,
            "avg": 0.03291786976205979,
            "min": 0.0008
        },
        "data_received": {
            "count": 30615297,
            "rate": 1019438.8378328395
        },
        "http_req_failed": {
            "passes": 0,
            "fails": 59637,
            "thresholds": {
                "rate<0.01": false
            },
            "value": 0
        }
    }
}