{
    "metrics": {
        "http_req_connecting": {
            "max": 182.302562,
            "p(90)": 0,
            "p(95)": 0,
            "avg": 0.01291963617900537,
            "min": 0
        },
        "http_req_receiving": {
            "max": 21.752747,
            "p(90)": 0.16542,
            "p(95)": 0.39402509999999985,
            "avg": 0.14166460880545514,
            "min": 0.010501
        },
        "http_req_duration{expected_response:true}": {
            "min": 3.194006,
            "max": 461.398034,
            "p(90)": 37.354750200000005,
            "p(95)": 46.027578999999996,
            "avg": 26.10692337411686
        },
        "http_req_sending": {
            "avg": 0.03657663019214503,
            "min": 0.003701,
            "max": 23.719507,
            "p(90)": 0.033004,
            "p(95)": 0.058807
        },
        "checks": {
            "fails": 0,
            "passes": 56624,
            "value": 1
        },
        "vus": {
            "value": 50,
            "min": 50,
            "max": 50
        },
        "http_req_blocked": {
            "max": 258.47646,
            "p(90)": 0.005501,
            "p(95)": 0.009701,
            "avg": 0.08912554990817945,
            "min": 0.0008
        },
        "http_reqs": {
            "count": 56624,
            "rate": 1885.1322438173531,
            "thresholds": {
                "rate>100": false
            }
        },
        "iteration_duration": {
            "min": 3.510737,
            "max": 475.985594,
            "p(90)": 37.720734500000006,
            "p(95)": 46.39263039999999,
            "avg": 26.486097025412978
        },
        "data_sent": {
            "count": 6790392,
            "rate": 226066.45428368545
        },
        "iterations": {
            "count": 56624,
            "rate": 1885.1322438173531
        },
        "http_req_failed": {
            "passes": 0,
            "fails": 56624,
            "thresholds": {
                "rate<0.01": false
            },
            "value": 0
        },
        "http_req_waiting": {
            "avg": 25.928682135119413,
            "min": 3.137901,
            "max": 461.360928,
            "p(90)": 37.11914000000001,
            "p(95)": 45.74333584999998
        },
        "data_received": {
            "count": 29068303,
            "rate": 967745.0420025554
        },
        "http_req_duration": {
            "p(95)": 46.027578999999996,
            "avg": 26.10692337411686,
            "min": 3.194006,
            "max": 461.398034,
            "p(90)": 37.354750200000005,
            "thresholds": {
                "avg<500": false,
                "p(90)<1000": false,
                "p(95)<1500": false
            }
        },
        "http_req_tls_handshaking": {
            "avg": 0,
            "min": 0,
            "max": 0,
            "p(90)": 0,
            "p(95)": 0
        },
        "vus_max": {
            "value": 50,
            "min": 50,
            "max": 50
        }
    },
    "root_group": {
        "groups": {},
        "checks": {
                "Status 200": {
                    "name": "Status 200",
                    "path": "::Status 200",
                    "id": "1855261f2042b60c6026d0e6d773bdb4",
                    "passes": 56624,
                    "fails": 0
                }
            },
        "name": "",
        "path": "",
        "id": "d41d8cd98f00b204e9800998ecf8427e"
    }
}