{
    "metrics": {
        "http_req_tls_handshaking": {
            "p(90)": 0,
            "p(95)": 0,
            "avg": 0,
            "min": 0,
            "max": 0
        },
        "http_req_failed": {
            "passes": 0,
            "fails": 63779,
            "thresholds": {
                "rate<0.01": false
            },
            "value": 0
        },
        "vus": {
            "max": 50,
            "value": 50,
            "min": 50
        },
        "data_sent": {
            "count": 7520834,
            "rate": 250566.3108186171
        },
        "http_req_sending": {
            "max": 25.433143,
            "p(90)": 0.033404,
            "p(95)": 0.061507,
            "avg": 0.0376785561234894,
            "min": 0.0035
        },
        "http_req_receiving": {
            "min": -0.907393,
            "max": 25.374637,
            "p(90)": 0.168018,
            "p(95)": 0.40556289999999967,
            "avg": 0.14278861603349058
        },
        "http_req_connecting": {
            "avg": 0.017356734489408738,
            "min": 0,
            "max": 39.762508,
            "p(90)": 0,
            "p(95)": 0
        },
        "iterations": {
            "count": 63779,
            "rate": 2124.8798654112798
        },
        "vus_max": {
            "value": 50,
            "min": 50,
            "max": 50
        },
        "http_reqs": {
            "count": 63779,
            "rate": 2124.8798654112798,
            "thresholds": {
                "rate>100": false
            }
        },
        "http_req_duration{expected_response:true}": {
            "max": 121.328935,
            "p(90)": 35.0391022,
            "p(95)": 40.672634699999996,
            "avg": 23.120897174006807,
            "min": 2.740789
        },
        "http_req_blocked": {
            "avg": 0.06902758265260733,
            "min": 0.0007,
            "max": 95.220437,
            "p(90)": 0.005401,
            "p(95)": 0.009601
        },
        "iteration_duration": {
            "p(90)": 35.41006520000001,
            "p(95)": 41.1971623,
            "avg": 23.490515016792497,
            "min": 2.825898,
            "max": 215.16323
        },
        "http_req_duration": {
            "avg": 23.120897174006807,
            "min": 2.740789,
            "max": 121.328935,
            "p(90)": 35.0391022,
            "p(95)": 40.672634699999996,
            "thresholds": {
                "avg<500": false,
                "p(90)<1000": false,
                "p(95)<1500": false
            }
        },
        "http_req_waiting": {
            "avg": 22.94043000185029,
            "min": 2.698084,
            "max": 120.191418,
            "p(90)": 34.80514880000001,
            "p(95)": 40.3945325
        },
        "checks": {
            "passes": 63779,
            "fails": 0,
            "value": 1
        },
        "data_received": {
            "count": 32741220,
            "rate": 1090816.085968753
        }
    },
    "root_group": {
        "checks": {
            "Status 200": {
                "path": "::Status 200",
                "id": "1855261f2042b60c6026d0e6d773bdb4",
                "passes": 63779,
                "fails": 0,
                "name": "Status 200"
            }
        },
        "name": "",
        "path": "",
        "id": "d41d8cd98f00b204e9800998ecf8427e",
        "groups": {}
    }
}