{
    "metrics": {
        "http_req_receiving": {
            "avg": 0.13289634427017052,
            "min": -22.57791,
            "max": 22.368446,
            "p(90)": 0.17121600000000006,
            "p(95)": 0.3882459999999996
        },
        "iteration_duration": {
            "min": 4.273771,
            "max": 2757.642155,
            "p(90)": 68.59245300000002,
            "p(95)": 109.16545299999972,
            "avg": 42.3687762863925
        },
        "http_req_tls_handshaking": {
            "p(90)": 0,
            "p(95)": 0,
            "avg": 0,
            "min": 0,
            "max": 0
        },
        "vus": {
            "value": 50,
            "min": 50,
            "max": 50
        },
        "http_req_failed": {
            "passes": 0,
            "fails": 35385,
            "thresholds": {
                "rate<0.01": false
            },
            "value": 0
        },
        "http_reqs": {
            "rate": 1179.8329557031304,
            "count": 35385,
            "thresholds": {
                "rate>100": false
            }
        },
        "http_req_connecting": {
            "avg": 0.07042257261551506,
            "min": 0,
            "max": 673.539215,
            "p(90)": 0,
            "p(95)": 0
        },
        "http_req_blocked": {
            "p(90)": 0.006101,
            "p(95)": 0.011002,
            "avg": 0.19366862147803499,
            "min": 0.0007,
            "max": 749.521759
        },
        "vus_max": {
            "value": 50,
            "min": 50,
            "max": 50
        },
        "http_req_sending": {
            "max": 31.1762,
            "p(90)": 0.03575520000000018,
            "p(95)": 0.06189599999999976,
            "avg": 0.03585433344637535,
            "min": 0.0033
        },
        "checks": {
            "passes": 35385,
            "fails": 0,
            "value": 1
        },
        "data_received": {
            "rate": 605659.7873714897,
            "count": 18164666
        },
        "http_req_waiting": {
            "avg": 41.684623282436846,
            "min": 4.063239,
            "max": 2641.924902,
            "p(90)": 68.22929,
            "p(95)": 108.68374619999962
        },
        "http_req_duration": {
            "max": 2642.332569,
            "p(90)": 68.31153680000004,
            "p(95)": 108.82824019999995,
            "avg": 41.85337396015267,
            "min": 4.147052,
            "thresholds": {
                "avg<500": false,
                "p(90)<1000": false,
                "p(95)<1500": false
            }
        },
        "iterations": {
            "count": 35385,
            "rate": 1179.8329557031304
        },
        "data_sent": {
            "count": 4243312,
            "rate": 141483.66084302845
        },
        "http_req_duration{expected_response:true}": {
            "avg": 41.85337396015267,
            "min": 4.147052,
            "max": 2642.332569,
            "p(90)": 68.31153680000004,
            "p(95)": 108.82824019999995
        }
    },
    "root_group": {
        "name": "",
        "path": "",
        "id": "d41d8cd98f00b204e9800998ecf8427e",
        "groups": {},
        "checks": {
                "Status 200": {
                    "name": "Status 200",
                    "path": "::Status 200",
                    "id": "1855261f2042b60c6026d0e6d773bdb4",
                    "passes": 35385,
                    "fails": 0
                }
            }
    }
}