{
    "root_group": {
        "name": "",
        "path": "",
        "id": "d41d8cd98f00b204e9800998ecf8427e",
        "groups": {},
        "checks": {
                "Status 200": {
                    "name": "Status 200",
                    "path": "::Status 200",
                    "id": "1855261f2042b60c6026d0e6d773bdb4",
                    "passes": 62720,
                    "fails": 0
                }
            }
    },
    "metrics": {
        "http_req_waiting": {
            "avg": 23.358077648007054,
            "min": 3.227293,
            "max": 202.801328,
            "p(90)": 35.134657,
            "p(95)": 41.79679934999998
        },
        "http_reqs": {
            "count": 62720,
            "rate": 2089.8235495077474,
            "thresholds": {
                "rate>100": false
            }
        },
        "http_req_duration": {
            "avg": 23.525696798867834,
            "min": 3.318515,
            "max": 202.85894,
            "p(90)": 35.331720499999996,
            "p(95)": 42.060407799999986,
            "thresholds": {
                "p(95)<1500": false,
                "avg<500": false,
                "p(90)<1000": false
            }
        },
        "http_req_connecting": {
            "min": 0,
            "max": 24.985834,
            "p(90)": 0,
            "p(95)": 0,
            "avg": 0.012904894100765308
        },
        "vus": {
            "value": 50,
            "min": 50,
            "max": 50
        },
        "iteration_duration": {
            "avg": 23.880775540863972,
            "min": 3.488356,
            "max": 202.958161,
            "p(90)": 35.7591,
            "p(95)": 42.64336314999997
        },
        "data_received": {
            "count": 32198214,
            "rate": 1072840.9736812825
        },
        "vus_max": {
            "value": 50,
            "min": 50,
            "max": 50
        },
        "http_req_blocked": {
            "p(95)": 0.010489649999999942,
            "avg": 0.07510749536035394,
            "min": 0.000701,
            "max": 95.559419,
            "p(90)": 0.005601
        },
        "data_sent": {
            "count": 7521377,
            "rate": 250611.46012955887
        },
        "http_req_failed": {
            "passes": 0,
            "fails": 62720,
            "thresholds": {
                "rate<0.01": false
            },
            "value": 0
        },
        "http_req_sending": {
            "avg": 0.034226605835460056,
            "min": 0.003401,
            "max": 23.665109,
            "p(90)": 0.032706,
            "p(95)": 0.05951309999999999
        },
        "iterations": {
            "rate": 2089.8235495077474,
            "count": 62720
        },
        "http_req_tls_handshaking": {
            "max": 0,
            "p(90)": 0,
            "p(95)": 0,
            "avg": 0,
            "min": 0
        },
        "http_req_duration{expected_response:true}": {
            "avg": 23.525696798867834,
            "min": 3.318515,
            "max": 202.85894,
            "p(90)": 35.331720499999996,
            "p(95)": 42.060407799999986
        },
        "checks": {
            "passes": 62720,
            "fails": 0,
            "value": 1
        },
        "http_req_receiving": {
            "avg": 0.13339254502551037,
            "min": 0.009503,
            "max": 28.788531,
            "p(90)": 0.16393549999999998,
            "p(95)": 0.3809816
        }
    }
}