{
    "root_group": {
        "name": "",
        "path": "",
        "id": "d41d8cd98f00b204e9800998ecf8427e",
        "groups": {},
        "checks": {
                "Status 200": {
                    "id": "1855261f2042b60c6026d0e6d773bdb4",
                    "passes": 125464,
                    "fails": 0,
                    "name": "Status 200",
                    "path": "::Status 200"
                }
            }
    },
    "metrics": {
        "checks": {
            "fails": 0,
            "passes": 125464,
            "value": 1
        },
        "vus_max": {
            "max": 50,
            "value": 50,
            "min": 50
        },
        "http_req_connecting": {
            "avg": 0.005541016092265511,
            "min": 0,
            "max": 18.173176,
            "p(90)": 0
        },
        "http_req_receiving": {
            "avg": 0.1377337976471356,
            "min": -4.23493,
            "max": 25.719973,
            "p(90)": 0.172724
        },
        "http_req_blocked": {
            "min": 0.0007,
            "max": 27.752243,
            "p(90)": 0.0054,
            "avg": 0.015350813532168089
        },
        "iteration_duration": {
            "avg": 23.881208147556162,
            "min": 2.425603,
            "max": 161.21892,
            "p(90)": 37.224981299999996
        },
        "vus": {
            "value": 50,
            "min": 50,
            "max": 50
        },
        "http_req_failed": {
            "passes": 0,
            "fails": 125464,
            "thresholds": {
                "rate<0.01": false
            },
            "value": 0
        },
        "data_received": {
            "count": 66824490,
            "rate": 1113341.8994553373
        },
        "http_req_waiting": {
            "p(90)": 36.6053796,
            "avg": 23.374501797719077,
            "min": 2.262884,
            "max": 159.763117
        },
        "http_req_tls_handshaking": {
            "avg": 0,
            "min": 0,
            "max": 0,
            "p(90)": 0
        },
        "iterations": {
            "count": 125464,
            "rate": 2090.3164105444644
        },
        "http_req_duration{expected_response:true}": {
            "p(90)": 36.827716099999996,
            "avg": 23.549572799177657,
            "min": 2.301988,
            "max": 159.840627
        },
        "http_req_sending": {
            "min": -4.60078,
            "max": 25.732582,
            "p(90)": 0.035405,
            "avg": 0.037337203811448255
        },
        "data_sent": {
            "count": 14794660,
            "rate": 246489.19679291084
        },
        "http_reqs": {
            "count": 125464,
            "rate": 2090.3164105444644,
            "thresholds": {
                "rate>100": false
            }
        },
        "http_req_duration": {
            "avg": 23.549572799177657,
            "min": 2.301988,
            "max": 159.840627,
            "p(90)": 36.827716099999996,
            "thresholds": {
                "p(90)<1000": false,
                "avg<500": false
            }
        }
    }
}