{
    "metrics": {
        "http_reqs": {
            "count": 37604,
            "rate": 1245.2228919038043,
            "thresholds": {
                "rate>100": false
            }
        },
        "http_req_waiting": {
            "p(95)": 53.28088369999996,
            "avg": 38.509669530049564,
            "min": 2.725437,
            "max": 8083.67131,
            "p(90)": 36.68012700000006
        },
        "iterations": {
            "rate": 1245.2228919038043,
            "count": 37604
        },
        "http_req_receiving": {
            "avg": 0.13769894048505504,
            "min": 0.009508,
            "max": 142.277886,
            "p(90)": 0.16050200000000045,
            "p(95)": 0.3844849999999997
        },
        "checks": {
            "passes": 37604,
            "fails": 0,
            "value": 1
        },
        "http_req_duration": {
            "p(95)": 53.459457799999996,
            "avg": 38.68183798122518,
            "min": 2.820615,
            "max": 8083.772794,
            "p(90)": 36.8938604,
            "thresholds": {
                "avg<500": false,
                "p(90)<1000": false,
                "p(95)<1500": false
            }
        },
        "vus": {
            "max": 50,
            "value": 50,
            "min": 50
        },
        "http_req_duration{expected_response:true}": {
            "min": 2.820615,
            "max": 8083.772794,
            "p(90)": 36.8938604,
            "p(95)": 53.459457799999996,
            "avg": 38.68183798122518
        },
        "vus_max": {
            "value": 50,
            "min": 50,
            "max": 50
        },
        "http_req_connecting": {
            "avg": 0.19638341203063503,
            "min": 0,
            "max": 221.617364,
            "p(90)": 0,
            "p(95)": 0
        },
        "data_sent": {
            "count": 4509494,
            "rate": 149327.86830397975
        },
        "http_req_tls_handshaking": {
            "avg": 0,
            "min": 0,
            "max": 0,
            "p(90)": 0,
            "p(95)": 0
        },
        "http_req_sending": {
            "avg": 0.03446951069035145,
            "min": 0.003402,
            "max": 18.506491,
            "p(90)": 0.031626,
            "p(95)": 0.05923314999999986
        },
        "http_req_blocked": {
            "p(90)": 0.005104,
            "p(95)": 0.008507,
            "avg": 1.1289972920969398,
            "min": 0.0008,
            "max": 916.923046
        },
        "http_req_failed": {
            "passes": 0,
            "fails": 37604,
            "thresholds": {
                "rate<0.01": false
            },
            "value": 0
        },
        "data_received": {
            "rate": 663356.003915478,
            "count": 20032429
        },
        "iteration_duration": {
            "p(90)": 37.1084297,
            "p(95)": 53.15037469999997,
            "avg": 39.87187539442634,
            "min": 3.042797,
            "max": 8820.179512
        }
    },
    "root_group": {
        "name": "",
        "path": "",
        "id": "d41d8cd98f00b204e9800998ecf8427e",
        "groups": {},
        "checks": {
                "Status 200": {
                    "passes": 37604,
                    "fails": 0,
                    "name": "Status 200",
                    "path": "::Status 200",
                    "id": "1855261f2042b60c6026d0e6d773bdb4"
                }
            }
    }
}