{
    "metrics": {
        "http_req_waiting": {
            "avg": 26.169288671909587,
            "min": 3.369366,
            "max": 103.273362,
            "p(90)": 39.8769622,
            "p(95)": 44.93843509999997
        },
        "http_req_duration{expected_response:true}": {
            "p(90)": 40.1613294,
            "p(95)": 45.27956559999998,
            "avg": 26.388213655699676,
            "min": 3.462493,
            "max": 103.372387
        },
        "http_req_sending": {
            "avg": 0.04813580728376468,
            "min": 0.003703,
            "max": 29.714493,
            "p(90)": 0.041512,
            "p(95)": 0.07948579999999988
        },
        "http_reqs": {
            "count": 56015,
            "rate": 1864.7438065306364,
            "thresholds": {
                "rate>100": false
            }
        },
        "vus": {
            "min": 50,
            "max": 50,
            "value": 50
        },
        "data_received": {
            "count": 29838422,
            "rate": 993323.4423127285
        },
        "http_req_duration": {
            "max": 103.372387,
            "p(90)": 40.1613294,
            "p(95)": 45.27956559999998,
            "avg": 26.388213655699676,
            "min": 3.462493,
            "thresholds": {
                "avg<500": false,
                "p(90)<1000": false,
                "p(95)<1500": false
            }
        },
        "http_req_tls_handshaking": {
            "avg": 0,
            "min": 0,
            "max": 0,
            "p(90)": 0,
            "p(95)": 0
        },
        "http_req_receiving": {
            "avg": 0.170789176506294,
            "min": 0.011011,
            "max": 35.117871,
            "p(90)": 0.20143499999999995,
            "p(95)": 0.4736813999999947
        },
        "http_req_blocked": {
            "p(90)": 0.005601,
            "p(95)": 0.009003,
            "avg": 0.02444002422565256,
            "min": 0.0008,
            "max": 27.621945
        },
        "checks": {
            "passes": 56015,
            "fails": 0,
            "value": 1
        },
        "http_req_failed": {
            "passes": 0,
            "fails": 56015,
            "thresholds": {
                "rate<0.01": false
            },
            "value": 0
        },
        "vus_max": {
            "value": 50,
            "min": 50,
            "max": 50
        },
        "iterations": {
            "count": 56015,
            "rate": 1864.7438065306364
        },
        "http_req_connecting": {
            "avg": 0.00996519723288405,
            "min": 0,
            "max": 22.14521,
            "p(90)": 0,
            "p(95)": 0
        },
        "data_sent": {
            "count": 6605124,
            "rate": 219885.10346098125
        },
        "iteration_duration": {
            "avg": 26.761010931518186,
            "min": 3.622739,
            "max": 113.144526,
            "p(90)": 40.605669,
            "p(95)": 45.72518329999998
        }
    },
    "root_group": {
        "name": "",
        "path": "",
        "id": "d41d8cd98f00b204e9800998ecf8427e",
        "groups": {},
        "checks": {
                "Status 200": {
                    "name": "Status 200",
                    "path": "::Status 200",
                    "id": "1855261f2042b60c6026d0e6d773bdb4",
                    "passes": 56015,
                    "fails": 0
                }
            }
    }
}