{
    "metrics": {
        "http_req_connecting": {
            "max": 30.909736,
            "p(90)": 0,
            "p(95)": 0,
            "avg": 0.02407295228777548,
            "min": 0
        },
        "data_sent": {
            "count": 5966124,
            "rate": 198727.67261397594
        },
        "http_req_sending": {
            "avg": 0.049344154106138106,
            "min": 0.003501,
            "max": 25.394453,
            "p(90)": 0.042916,
            "p(95)": 0.08585539999999967
        },
        "http_req_waiting": {
            "min": 2.763623,
            "max": 142.528329,
            "p(90)": 45.317131799999984,
            "p(95)": 52.98453029999997,
            "avg": 28.785978971992996
        },
        "checks": {
            "passes": 50595,
            "fails": 0,
            "value": 1
        },
        "vus_max": {
            "value": 50,
            "min": 50,
            "max": 50
        },
        "http_req_duration": {
            "avg": 29.00927745352309,
            "min": 2.920081,
            "max": 142.62342,
            "p(90)": 45.58083879999999,
            "p(95)": 53.413899,
            "thresholds": {
                "avg<500": false,
                "p(90)<1000": false,
                "p(95)<1500": false
            }
        },
        "http_reqs": {
            "rate": 1685.2862253456537,
            "count": 50595,
            "thresholds": {
                "rate>100": false
            }
        },
        "http_req_tls_handshaking": {
            "p(90)": 0,
            "p(95)": 0,
            "avg": 0,
            "min": 0,
            "max": 0
        },
        "http_req_receiving": {
            "avg": 0.17395432742365977,
            "min": 0.010905,
            "max": 29.261224,
            "p(90)": 0.20843699999999984,
            "p(95)": 0.5071361999999993
        },
        "http_req_blocked": {
            "p(95)": 0.010604,
            "avg": 0.24474270455577074,
            "min": 0.0008,
            "max": 245.195414,
            "p(90)": 0.006102
        },
        "http_req_duration{expected_response:true}": {
            "avg": 29.00927745352309,
            "min": 2.920081,
            "max": 142.62342,
            "p(90)": 45.58083879999999,
            "p(95)": 53.413899
        },
        "data_received": {
            "rate": 897720.8446602959,
            "count": 26951022
        },
        "vus": {
            "value": 50,
            "min": 50,
            "max": 50
        },
        "http_req_failed": {
            "passes": 0,
            "fails": 50595,
            "thresholds": {
                "rate<0.01": false
            },
            "value": 0
        },
        "iteration_duration": {
            "avg": 29.618340971024843,
            "min": 3.703971,
            "max": 292.661661,
            "p(90)": 46.150897,
            "p(95)": 54.205669299999975
        },
        "iterations": {
            "count": 50595,
            "rate": 1685.2862253456537
        }
    },
    "root_group": {
        "name": "",
        "path": "",
        "id": "d41d8cd98f00b204e9800998ecf8427e",
        "groups": {},
        "checks": {
                "Status 200": {
                    "path": "::Status 200",
                    "id": "1855261f2042b60c6026d0e6d773bdb4",
                    "passes": 50595,
                    "fails": 0,
                    "name": "Status 200"
                }
            }
    }
}