{
    "root_group": {
        "name": "",
        "path": "",
        "id": "d41d8cd98f00b204e9800998ecf8427e",
        "groups": {},
        "checks": {
                "Status 200": {
                    "name": "Status 200",
                    "path": "::Status 200",
                    "id": "1855261f2042b60c6026d0e6d773bdb4",
                    "passes": 61056,
                    "fails": 0
                }
            }
    },
    "metrics": {
        "http_req_duration{expected_response:true}": {
            "avg": 24.24678367791868,
            "min": 3.873681,
            "max": 1075.328856,
            "p(90)": 33.815235,
            "p(95)": 39.01755675
        },
        "checks": {
            "passes": 61056,
            "fails": 0,
            "value": 1
        },
        "data_received": {
            "count": 32523345,
            "rate": 1083990.8898259096
        },
        "vus": {
            "min": 50,
            "max": 50,
            "value": 50
        },
        "http_req_duration": {
            "avg": 24.24678367791868,
            "min": 3.873681,
            "max": 1075.328856,
            "p(90)": 33.815235,
            "p(95)": 39.01755675,
            "thresholds": {
                "p(90)<1000": false,
                "p(95)<1500": false,
                "avg<500": false
            }
        },
        "http_req_blocked": {
            "avg": 0.017661894408411982,
            "min": 0.000798,
            "max": 14.049143,
            "p(90)": 0.005386,
            "p(95)": 0.008399
        },
        "http_req_sending": {
            "avg": 0.0351144202699162,
            "min": 0.003391,
            "max": 22.363474,
            "p(90)": 0.033012,
            "p(95)": 0.0580455
        },
        "http_req_receiving": {
            "p(90)": 0.1542265,
            "p(95)": 0.37680525,
            "avg": 0.1300135404219074,
            "min": -10.646758,
            "max": 25.388961
        },
        "vus_max": {
            "min": 50,
            "max": 50,
            "value": 50
        },
        "http_req_tls_handshaking": {
            "p(90)": 0,
            "p(95)": 0,
            "avg": 0,
            "min": 0,
            "max": 0
        },
        "data_sent": {
            "count": 7321699,
            "rate": 244029.48140935297
        },
        "http_req_failed": {
            "passes": 0,
            "fails": 61056,
            "thresholds": {
                "rate<0.01": false
            },
            "value": 0
        },
        "iterations": {
            "count": 61056,
            "rate": 2034.9735788004198
        },
        "http_req_waiting": {
            "avg": 24.081655717227022,
            "min": 3.819937,
            "max": 1075.217265,
            "p(90)": 33.608492,
            "p(95)": 38.75478475
        },
        "iteration_duration": {
            "min": 3.949043,
            "max": 1075.484484,
            "p(90)": 34.144289,
            "p(95)": 39.34115525,
            "avg": 24.5439203169059
        },
        "http_req_connecting": {
            "max": 6.371633,
            "p(90)": 0,
            "p(95)": 0,
            "avg": 0.00468745979101153,
            "min": 0
        },
        "http_reqs": {
            "count": 61056,
            "rate": 2034.9735788004198,
            "thresholds": {
                "rate>100": false
            }
        }
    }
}