{
    "root_group": {
        "path": "",
        "id": "d41d8cd98f00b204e9800998ecf8427e",
        "groups": {},
        "checks": {
                "Status 200": {
                    "path": "::Status 200",
                    "id": "1855261f2042b60c6026d0e6d773bdb4",
                    "passes": 48075,
                    "fails": 0,
                    "name": "Status 200"
                }
            },
        "name": ""
    },
    "metrics": {
        "http_req_connecting": {
            "avg": 0.1250609531773271,
            "min": 0,
            "max": 276.748986,
            "p(90)": 0,
            "p(95)": 0
        },
        "http_req_sending": {
            "min": 0.003599,
            "max": 27.740965,
            "p(90)": 0.040263799999999905,
            "p(95)": 0.07559699999999973,
            "avg": 0.04605539833593336
        },
        "vus": {
            "value": 50,
            "min": 50,
            "max": 50
        },
        "http_reqs": {
            "count": 48075,
            "rate": 1601.5442948845491,
            "thresholds": {
                "rate>100": false
            }
        },
        "http_req_duration": {
            "avg": 30.683532610046797,
            "min": 3.727539,
            "max": 274.371611,
            "p(90)": 46.687304999999995,
            "p(95)": 54.85248339999994,
            "thresholds": {
                "avg<500": false,
                "p(90)<1000": false,
                "p(95)<1500": false
            }
        },
        "http_req_tls_handshaking": {
            "p(90)": 0,
            "p(95)": 0,
            "avg": 0,
            "min": 0,
            "max": 0
        },
        "http_req_receiving": {
            "min": 0.010097,
            "max": 25.475682,
            "p(90)": 0.20073719999999998,
            "p(95)": 0.5052030999999989,
            "avg": 0.17376711084763238
        },
        "http_req_blocked": {
            "max": 281.97479,
            "p(90)": 0.006203,
            "p(95)": 0.010006,
            "avg": 0.1394275100987996,
            "min": 0.0008
        },
        "http_req_waiting": {
            "max": 274.336993,
            "p(90)": 46.4173026,
            "p(95)": 54.50776329999999,
            "avg": 30.463710100863466,
            "min": 3.644158
        },
        "http_req_failed": {
            "passes": 0,
            "fails": 48075,
            "thresholds": {
                "rate<0.01": false
            },
            "value": 0
        },
        "data_sent": {
            "count": 5765172,
            "rate": 192057.79148472482
        },
        "iteration_duration": {
            "avg": 31.18038387829431,
            "min": 3.8931,
            "max": 387.324626,
            "p(90)": 47.215068599999995,
            "p(95)": 55.3252095
        },
        "vus_max": {
            "min": 50,
            "max": 50,
            "value": 50
        },
        "http_req_duration{expected_response:true}": {
            "p(95)": 54.85248339999994,
            "avg": 30.683532610046797,
            "min": 3.727539,
            "max": 274.371611,
            "p(90)": 46.687304999999995
        },
        "checks": {
            "passes": 48075,
            "fails": 0,
            "value": 1
        },
        "data_received": {
            "count": 25607292,
            "rate": 853067.3408225222
        },
        "iterations": {
            "count": 48075,
            "rate": 1601.5442948845491
        }
    }
}