{
    "root_group": {
        "id": "d41d8cd98f00b204e9800998ecf8427e",
        "groups": {},
        "checks": {
                "Status 200": {
                    "name": "Status 200",
                    "path": "::Status 200",
                    "id": "1855261f2042b60c6026d0e6d773bdb4",
                    "passes": 50777,
                    "fails": 0
                }
            },
        "name": "",
        "path": ""
    },
    "metrics": {
        "http_req_duration": {
            "max": 149.530486,
            "p(90)": 44.977716,
            "p(95)": 51.195259599999986,
            "avg": 29.045156556295204,
            "min": 0.083193,
            "thresholds": {
                "avg<500": false,
                "p(90)<1000": false,
                "p(95)<1500": false
            }
        },
        "http_req_duration{expected_response:true}": {
            "avg": 29.045156556295204,
            "min": 0.083193,
            "max": 149.530486,
            "p(90)": 44.977716,
            "p(95)": 51.195259599999986
        },
        "checks": {
            "passes": 50777,
            "fails": 0,
            "value": 1
        },
        "data_received": {
            "count": 27049372,
            "rate": 901091.605098413
        },
        "vus_max": {
            "min": 50,
            "max": 50,
            "value": 50
        },
        "http_req_failed": {
            "passes": 0,
            "fails": 50777,
            "thresholds": {
                "rate<0.01": false
            },
            "value": 0
        },
        "http_req_receiving": {
            "avg": 0.17521999153160261,
            "min": -2.018886,
            "max": 35.797794,
            "p(90)": 0.20802240000000013,
            "p(95)": 0.48805079999999984
        },
        "http_reqs": {
            "count": 50777,
            "rate": 1691.52645880585,
            "thresholds": {
                "rate>100": false
            }
        },
        "http_req_connecting": {
            "avg": 0.06264248844949487,
            "min": 0,
            "max": 90.658507,
            "p(90)": 0,
            "p(95)": 0
        },
        "iterations": {
            "count": 50777,
            "rate": 1691.52645880585
        },
        "http_req_sending": {
            "avg": 0.050723365086556144,
            "min": 0.003799,
            "max": 34.890956,
            "p(90)": 0.044313,
            "p(95)": 0.08572699999999997
        },
        "http_req_blocked": {
            "p(90)": 0.006202,
            "p(95)": 0.011599,
            "avg": 0.08006178425270906,
            "min": 0.0008,
            "max": 97.308666
        },
        "iteration_duration": {
            "avg": 29.51007512200391,
            "min": 2.500837,
            "max": 149.654036,
            "p(90)": 45.55417080000001,
            "p(95)": 51.753352799999995
        },
        "data_sent": {
            "count": 5987633,
            "rate": 199465.10516806916
        },
        "vus": {
            "value": 50,
            "min": 50,
            "max": 50
        },
        "http_req_waiting": {
            "min": 0,
            "max": 149.451453,
            "p(90)": 44.67895580000001,
            "p(95)": 50.8701878,
            "avg": 28.8192131996766
        },
        "http_req_tls_handshaking": {
            "p(95)": 0,
            "avg": 0,
            "min": 0,
            "max": 0,
            "p(90)": 0
        }
    }
}