{
    "root_group": {
        "name": "",
        "path": "",
        "id": "d41d8cd98f00b204e9800998ecf8427e",
        "groups": {},
        "checks": {
                "Status 200": {
                    "name": "Status 200",
                    "path": "::Status 200",
                    "id": "1855261f2042b60c6026d0e6d773bdb4",
                    "passes": 61258,
                    "fails": 0
                }
            }
    },
    "metrics": {
        "http_req_receiving": {
            "avg": 0.10386425054686597,
            "min": 0.0096,
            "max": 107.146583,
            "p(90)": 0.118203,
            "p(95)": 0.24841064999999993
        },
        "http_req_connecting": {
            "avg": 0.05120482686343009,
            "min": 0,
            "max": 187.499757,
            "p(90)": 0,
            "p(95)": 0
        },
        "http_req_tls_handshaking": {
            "avg": 0,
            "min": 0,
            "max": 0,
            "p(90)": 0,
            "p(95)": 0
        },
        "data_sent": {
            "rate": 244748.11483104227,
            "count": 7346001
        },
        "checks": {
            "passes": 61258,
            "fails": 0,
            "value": 1
        },
        "http_req_sending": {
            "p(95)": 0.04850229999999999,
            "avg": 0.028524013369682123,
            "min": 0.0034,
            "max": 86.802844,
            "p(90)": 0.028502
        },
        "data_received": {
            "count": 31581555,
            "rate": 1052208.6846548044
        },
        "vus": {
            "value": 50,
            "min": 50,
            "max": 50
        },
        "http_req_blocked": {
            "min": 0.0007,
            "max": 335.322291,
            "p(90)": 0.0048,
            "p(95)": 0.0073,
            "avg": 0.15897865625710914
        },
        "http_req_duration": {
            "p(95)": 42.38109599999992,
            "avg": 24.087955305380312,
            "min": 5.07261,
            "max": 1145.703213,
            "p(90)": 32.3432684,
            "thresholds": {
                "avg<500": false,
                "p(90)<1000": false,
                "p(95)<1500": false
            }
        },
        "http_req_waiting": {
            "min": 4.995203,
            "max": 1145.544214,
            "p(90)": 32.129470000000005,
            "p(95)": 42.24109209999989,
            "avg": 23.955567041463997
        },
        "iteration_duration": {
            "p(95)": 42.755529349999925,
            "avg": 24.467203342534866,
            "min": 5.31553,
            "max": 1145.908913,
            "p(90)": 32.625859000000005
        },
        "http_req_duration{expected_response:true}": {
            "p(90)": 32.3432684,
            "p(95)": 42.38109599999992,
            "avg": 24.087955305380312,
            "min": 5.07261,
            "max": 1145.703213
        },
        "iterations": {
            "count": 61258,
            "rate": 2040.9444564899989
        },
        "vus_max": {
            "value": 50,
            "min": 50,
            "max": 50
        },
        "http_req_failed": {
            "passes": 0,
            "fails": 61258,
            "thresholds": {
                "rate<0.01": false
            },
            "value": 0
        },
        "http_reqs": {
            "count": 61258,
            "rate": 2040.9444564899989,
            "thresholds": {
                "rate>100": false
            }
        }
    }
}