{
    "root_group": {
        "name": "",
        "path": "",
        "id": "d41d8cd98f00b204e9800998ecf8427e",
        "groups": {},
        "checks": {
                "Status 200": {
                    "name": "Status 200",
                    "path": "::Status 200",
                    "id": "1855261f2042b60c6026d0e6d773bdb4",
                    "passes": 74307,
                    "fails": 0
                }
            }
    },
    "metrics": {
        "vus_max": {
            "value": 50,
            "min": 50,
            "max": 50
        },
        "http_req_connecting": {
            "avg": 0.006915226425505,
            "min": 0,
            "max": 16.830717,
            "p(90)": 0,
            "p(95)": 0
        },
        "http_req_tls_handshaking": {
            "avg": 0,
            "min": 0,
            "max": 0,
            "p(90)": 0,
            "p(95)": 0
        },
        "http_req_waiting": {
            "p(90)": 28.443307,
            "p(95)": 31.927868999999998,
            "avg": 19.728384527985323,
            "min": 3.908556,
            "max": 80.018331
        },
        "http_reqs": {
            "rate": 2475.998288962327,
            "count": 74307,
            "thresholds": {
                "rate>100": false
            }
        },
        "data_received": {
            "count": 38305491,
            "rate": 1276384.8651387058
        },
        "http_req_duration{expected_response:true}": {
            "avg": 19.86986870857386,
            "min": 3.968054,
            "max": 80.055939,
            "p(90)": 28.624292600000004,
            "p(95)": 32.160367699999995
        },
        "iteration_duration": {
            "p(90)": 28.967760600000013,
            "p(95)": 32.6049573,
            "avg": 20.160417105494872,
            "min": 4.193045,
            "max": 80.298282
        },
        "http_req_blocked": {
            "max": 54.252023,
            "p(90)": 0.005,
            "p(95)": 0.007201,
            "avg": 0.03828976253919483,
            "min": 0.000699
        },
        "vus": {
            "value": 50,
            "min": 50,
            "max": 50
        },
        "http_req_receiving": {
            "avg": 0.11138787501850664,
            "min": 0.008501,
            "max": 27.444049,
            "p(90)": 0.129123,
            "p(95)": 0.29480309999999954
        },
        "data_sent": {
            "count": 8762333,
            "rate": 291971.4362754267
        },
        "http_req_duration": {
            "p(90)": 28.624292600000004,
            "p(95)": 32.160367699999995,
            "avg": 19.86986870857386,
            "min": 3.968054,
            "max": 80.055939,
            "thresholds": {
                "avg<500": false,
                "p(90)<1000": false,
                "p(95)<1500": false
            }
        },
        "http_req_failed": {
            "passes": 0,
            "fails": 74307,
            "thresholds": {
                "rate<0.01": false
            },
            "value": 0
        },
        "iterations": {
            "count": 74307,
            "rate": 2475.998288962327
        },
        "http_req_sending": {
            "max": 30.175072,
            "p(90)": 0.030198400000000007,
            "p(95)": 0.052804,
            "avg": 0.030096305570134433,
            "min": 0.0033
        },
        "checks": {
            "passes": 74307,
            "fails": 0,
            "value": 1
        }
    }
}