{
    "metrics": {
        "http_reqs": {
            "count": 67813,
            "rate": 2259.051127404007,
            "thresholds": {
                "rate>100": false
            }
        },
        "http_req_connecting": {
            "p(90)": 0,
            "p(95)": 0,
            "avg": 0.004966377729933787,
            "min": 0,
            "max": 8.510445
        },
        "data_received": {
            "count": 34960404,
            "rate": 1164634.2157211676
        },
        "vus_max": {
            "value": 50,
            "min": 50,
            "max": 50
        },
        "http_req_sending": {
            "avg": 0.03534147181218928,
            "min": 0.0036,
            "max": 31.950601,
            "p(90)": 0.032805,
            "p(95)": 0.057207199999999986
        },
        "data_sent": {
            "count": 7996610,
            "rate": 266390.6748840216
        },
        "iterations": {
            "count": 67813,
            "rate": 2259.051127404007
        },
        "http_req_failed": {
            "passes": 0,
            "fails": 67813,
            "thresholds": {
                "rate<0.01": false
            },
            "value": 0
        },
        "http_req_duration": {
            "avg": 21.801161179390366,
            "min": 4.198467,
            "max": 83.872123,
            "p(90)": 31.359432,
            "p(95)": 35.377061999999995,
            "thresholds": {
                "p(95)<1500": false,
                "avg<500": false,
                "p(90)<1000": false
            }
        },
        "http_req_blocked": {
            "avg": 0.018415262796220674,
            "min": 0.0007,
            "max": 18.016854,
            "p(90)": 0.005101,
            "p(95)": 0.0075
        },
        "iteration_duration": {
            "avg": 22.097124206848306,
            "min": 4.40046,
            "max": 83.96232,
            "p(90)": 31.724844,
            "p(95)": 35.80954099999999
        },
        "vus": {
            "max": 50,
            "value": 50,
            "min": 50
        },
        "checks": {
            "passes": 67813,
            "fails": 0,
            "value": 1
        },
        "http_req_duration{expected_response:true}": {
            "p(90)": 31.359432,
            "p(95)": 35.377061999999995,
            "avg": 21.801161179390366,
            "min": 4.198467,
            "max": 83.872123
        },
        "http_req_tls_handshaking": {
            "p(95)": 0,
            "avg": 0,
            "min": 0,
            "max": 0,
            "p(90)": 0
        },
        "http_req_waiting": {
            "p(90)": 31.1465172,
            "p(95)": 35.151039,
            "avg": 21.63893198489998,
            "min": 3.968774,
            "max": 83.828626
        },
        "http_req_receiving": {
            "p(90)": 0.1424148,
            "p(95)": 0.344835,
            "avg": 0.12688772267853984,
            "min": 0.009701,
            "max": 24.718799
        }
    },
    "root_group": {
        "name": "",
        "path": "",
        "id": "d41d8cd98f00b204e9800998ecf8427e",
        "groups": {},
        "checks": {
                "Status 200": {
                    "name": "Status 200",
                    "path": "::Status 200",
                    "id": "1855261f2042b60c6026d0e6d773bdb4",
                    "passes": 67813,
                    "fails": 0
                }
            }
    }
}