{
    "root_group": {
        "checks": {
            "Status 200": {
                "fails": 0,
                "name": "Status 200",
                "path": "::Status 200",
                "id": "1855261f2042b60c6026d0e6d773bdb4",
                "passes": 162197
            }
        },
        "name": "",
        "path": "",
        "id": "d41d8cd98f00b204e9800998ecf8427e",
        "groups": {}
    },
    "metrics": {
        "vus_max": {
            "min": 50,
            "max": 50,
            "value": 50
        },
        "http_req_connecting": {
            "avg": 0.005977817333242909,
            "min": 0,
            "max": 24.291645,
            "p(90)": 0
        },
        "data_sent": {
            "count": 19126233,
            "rate": 318778.7656832347
        },
        "http_reqs": {
            "count": 162197,
            "rate": 2703.3530051382113,
            "thresholds": {
                "rate>100": false
            }
        },
        "http_req_blocked": {
            "min": 0.0007,
            "max": 50.573266,
            "p(90)": 0.004401,
            "avg": 0.019969165539434695
        },
        "http_req_receiving": {
            "avg": 0.10223276942853783,
            "min": 0.009501,
            "max": 24.968024,
            "p(90)": 0.119617
        },
        "vus": {
            "value": 50,
            "min": 50,
            "max": 50
        },
        "http_req_sending": {
            "p(90)": 0.027204,
            "avg": 0.02680189993649396,
            "min": 0.0033,
            "max": 16.72606
        },
        "iteration_duration": {
            "avg": 18.469176827425436,
            "min": 3.132841,
            "max": 320.846948,
            "p(90)": 27.120592
        },
        "http_req_waiting": {
            "avg": 18.087406551711904,
            "min": 2.810396,
            "max": 320.706229,
            "p(90)": 26.6223804
        },
        "data_received": {
            "count": 83569563,
            "rate": 1392861.947348823
        },
        "http_req_failed": {
            "fails": 162197,
            "passes": 0,
            "thresholds": {
                "rate<0.01": false
            },
            "value": 0
        },
        "http_req_duration{expected_response:true}": {
            "p(90)": 26.814,
            "avg": 18.21644122107697,
            "min": 2.956916,
            "max": 320.753435
        },
        "checks": {
            "passes": 162197,
            "fails": 0,
            "value": 1
        },
        "iterations": {
            "rate": 2703.3530051382113,
            "count": 162197
        },
        "http_req_duration": {
            "avg": 18.21644122107697,
            "min": 2.956916,
            "max": 320.753435,
            "p(90)": 26.814,
            "thresholds": {
                "avg<500": false,
                "p(90)<1000": false
            }
        },
        "http_req_tls_handshaking": {
            "avg": 0,
            "min": 0,
            "max": 0,
            "p(90)": 0
        }
    }
}