{
    "root_group": {
        "name": "",
        "path": "",
        "id": "d41d8cd98f00b204e9800998ecf8427e",
        "groups": {},
        "checks": {
                "Status 200": {
                    "path": "::Status 200",
                    "id": "1855261f2042b60c6026d0e6d773bdb4",
                    "passes": 40585,
                    "fails": 0,
                    "name": "Status 200"
                }
            }
    },
    "metrics": {
        "http_req_duration{expected_response:true}": {
            "avg": 36.62743114732044,
            "min": 4.703605,
            "max": 1084.553181,
            "p(90)": 58.8787064,
            "p(95)": 115.22067239999983
        },
        "vus": {
            "value": 50,
            "min": 50,
            "max": 50
        },
        "http_req_duration": {
            "avg": 36.62743114732044,
            "min": 4.703605,
            "max": 1084.553181,
            "p(90)": 58.8787064,
            "p(95)": 115.22067239999983,
            "thresholds": {
                "avg<500": false,
                "p(90)<1000": false,
                "p(95)<1500": false
            }
        },
        "checks": {
            "passes": 40585,
            "fails": 0,
            "value": 1
        },
        "iterations": {
            "rate": 1352.73791701744,
            "count": 40585
        },
        "http_reqs": {
            "count": 40585,
            "rate": 1352.73791701744,
            "thresholds": {
                "rate>100": false
            }
        },
        "http_req_receiving": {
            "avg": 0.1083230218553635,
            "min": 0.01,
            "max": 65.660344,
            "p(90)": 0.125506,
            "p(95)": 0.2464071999999995
        },
        "vus_max": {
            "value": 50,
            "min": 50,
            "max": 50
        },
        "iteration_duration": {
            "p(90)": 59.304562,
            "p(95)": 115.96151779999997,
            "avg": 36.94879857927812,
            "min": 4.835121,
            "max": 1084.870194
        },
        "http_req_waiting": {
            "avg": 36.48533569377838,
            "min": 4.631795,
            "max": 1084.461177,
            "p(90)": 58.77883059999995,
            "p(95)": 114.66320599999993
        },
        "data_sent": {
            "count": 4866921,
            "rate": 162219.25775110105
        },
        "data_received": {
            "rate": 697392.8422410309,
            "count": 20923261
        },
        "http_req_connecting": {
            "p(90)": 0,
            "p(95)": 0,
            "avg": 0.01019452758408279,
            "min": 0,
            "max": 38.346991
        },
        "http_req_tls_handshaking": {
            "max": 0,
            "p(90)": 0,
            "p(95)": 0,
            "avg": 0,
            "min": 0
        },
        "http_req_sending": {
            "p(95)": 0.05018299999999958,
            "avg": 0.03377243168658285,
            "min": 0.0035,
            "max": 149.5485,
            "p(90)": 0.0312016
        },
        "http_req_failed": {
            "passes": 0,
            "fails": 40585,
            "thresholds": {
                "rate<0.01": false
            },
            "value": 0
        },
        "http_req_blocked": {
            "p(95)": 0.0088,
            "avg": 0.022039191671802523,
            "min": 0.0008,
            "max": 42.699505,
            "p(90)": 0.005301
        }
    }
}