{
    "root_group": {
        "name": "",
        "path": "",
        "id": "d41d8cd98f00b204e9800998ecf8427e",
        "groups": {},
        "checks": {
                "Status 200": {
                    "name": "Status 200",
                    "path": "::Status 200",
                    "id": "1855261f2042b60c6026d0e6d773bdb4",
                    "passes": 63405,
                    "fails": 0
                }
            }
    },
    "metrics": {
        "http_req_waiting": {
            "p(90)": 32.64080179999999,
            "p(95)": 37.36386179999997,
            "avg": 23.23293438452828,
            "min": 5.218032,
            "max": 195.242465
        },
        "data_sent": {
            "count": 7603438,
            "rate": 253257.2055007089
        },
        "vus_max": {
            "value": 50,
            "min": 50,
            "max": 50
        },
        "vus": {
            "value": 50,
            "min": 50,
            "max": 50
        },
        "checks": {
            "passes": 63405,
            "fails": 0,
            "value": 1
        },
        "http_req_duration{expected_response:true}": {
            "avg": 23.379397584622758,
            "min": 5.318218,
            "max": 195.329802,
            "p(90)": 32.8479874,
            "p(95)": 37.54900039999998
        },
        "http_req_tls_handshaking": {
            "max": 0,
            "p(90)": 0,
            "p(95)": 0,
            "avg": 0,
            "min": 0
        },
        "http_req_sending": {
            "avg": 0.03318764264647845,
            "min": 0.003715,
            "max": 137.30835,
            "p(90)": 0.033006,
            "p(95)": 0.055202
        },
        "http_reqs": {
            "count": 63405,
            "rate": 2111.9095223466607,
            "thresholds": {
                "rate>100": false
            }
        },
        "data_received": {
            "count": 32689008,
            "rate": 1088813.6151922746
        },
        "http_req_connecting": {
            "avg": 0.009009322577083825,
            "min": 0,
            "max": 29.791346,
            "p(90)": 0,
            "p(95)": 0
        },
        "iterations": {
            "count": 63405,
            "rate": 2111.9095223466607
        },
        "http_req_duration": {
            "p(95)": 37.54900039999998,
            "avg": 23.379397584622758,
            "min": 5.318218,
            "max": 195.329802,
            "p(90)": 32.8479874,
            "thresholds": {
                "avg<500": false,
                "p(90)<1000": false,
                "p(95)<1500": false
            }
        },
        "http_req_failed": {
            "passes": 0,
            "fails": 63405,
            "thresholds": {
                "rate<0.01": false
            },
            "value": 0
        },
        "iteration_duration": {
            "min": 5.43788,
            "max": 195.544229,
            "p(90)": 33.1992308,
            "p(95)": 37.98635419999999,
            "avg": 23.637155959955848
        },
        "http_req_receiving": {
            "avg": 0.11327555744814943,
            "min": 0.010641,
            "max": 40.053531,
            "p(90)": 0.13226959999999993,
            "p(95)": 0.2848429999999992
        },
        "http_req_blocked": {
            "avg": 0.022798418121600633,
            "min": 0.000703,
            "max": 39.914558,
            "p(90)": 0.0052,
            "p(95)": 0.007729
        }
    }
}